{
  "project_info": {
    "project_number": "469337844389",
    "project_id": "pall-network-auth-7b89e",
    "storage_bucket": "pall-network-auth-7b89e.firebasestorage.app"
  },
  "client": [
    {
      "client_info": {
        "mobilesdk_app_id": "1:469337844389:android:d38ebd6ab70bd798927b4c",
        "android_client_info": {
          "package_name": "com.pallnetwork.auth"
        }
      },
      "oauth_client": [],
      "api_key": [
        {
          "current_key": "AIzaSyANR3RRocRwqwstf4xAAUoMnZsZt45M7mk"
        }
      ],
      "services": {
        "appinvite_service": {
          "other_platform_oauth_client": []
        }
      }
    }
  ],
  "configuration_version": "1"
}