{
  "name": "Pall Network",
  "bundleIdentifier": "com.pallnetwork.mining",
  "version": "1.0.0",
  "buildNumber": "1",
  "description": "Educational cloud mining simulation platform",
  "author": "Pall Network Team",
  "website": "https://pallnetworkcommerce.com",
  "ios": {
    "deploymentTarget": "12.0",
    "bundleIdentifier": "com.pallnetwork.mining",
    "buildNumber": "1",
    "version": "1.0.0",
    "icon": {
      "src": "attached_assets/generated_images/Pall_Network_app_icon_d490e700.png",
      "sizes": [20, 29, 40, 58, 60, 76, 80, 87, 120, 152, 167, 180, 1024]
    },
    "splash": {
      "backgroundColor": "#2563EB",
      "image": "attached_assets/generated_images/Pall_Network_app_icon_d490e700.png",
      "tabletImage": "attached_assets/generated_images/Pall_Network_app_icon_d490e700.png"
    },
    "scheme": "pallnetwork",
    "associatedDomains": [
      "applinks:pallnetworkcommerce.com",
      "applinks:www.pallnetworkcommerce.com"
    ],
    "infoPlist": {
      "NSCameraUsageDescription": "This app uses camera for QR code scanning to connect wallets",
      "NSLocationWhenInUseUsageDescription": "This app may use location for enhanced security features",
      "CFBundleURLTypes": [
        {
          "CFBundleURLName": "com.pallnetwork.mining",
          "CFBundleURLSchemes": ["pallnetwork", "https"]
        }
      ]
    }
  },
  "appStore": {
    "category": "EDUCATION",
    "contentRating": "4+",
    "privacyPolicyUrl": "https://pallnetworkcommerce.com/policies",
    "keywords": "education,cryptocurrency,mining,blockchain,simulation,learning",
    "subtitle": "Educational Mining Simulation",
    "description": "Learn about cryptocurrency mining through Pall Network's educational simulation platform.\n\nKey Features:\n• Educational mining simulation with 24-hour cycles\n• Learn about referral systems and network effects\n• Practice with Web3 wallet integration\n• Progressive Web App technology\n• Safe learning environment with virtual rewards\n\nPall Network is designed for educational purposes to teach users about cryptocurrency concepts, blockchain technology, and mining economics through gamification. All activities are simulated and designed for learning.\n\nNo real cryptocurrency mining occurs - this is an educational simulation platform.\n\nPrivacy Policy: https://pallnetworkcommerce.com/policies\nTerms of Service: https://pallnetworkcommerce.com/policies",
    "shortDescription": "Educational cryptocurrency mining simulation platform with 24-hour cycles, referral learning, and Web3 wallet practice.",
    "screenshots": {
      "iPhone": [],
      "iPad": []
    },
    "previewUrls": {
      "iPhone": [],
      "iPad": []
    }
  }
}